date,vrednost
2015-08-12,3.5286458333333335
2015-08-13,3.6726562499999997
2015-08-14,3.3161458333333336
2015-08-15,2.043229166666667
2015-08-16,2.3216145833333335
2015-08-17,3.240625
2015-08-18,3.3950520833333333
2015-08-19,3.1242187500000003
2015-08-20,3.1002604166666665
2015-08-21,2.821875
2015-08-22,2.0403645833333335
2015-08-23,2.056770833333333
2015-08-24,2.9575520833333333
2015-08-25,2.8286458333333333
2015-08-26,2.81796875
2015-08-27,2.966927083333333
2015-08-28,2.652083333333333
2015-08-29,2.4265624999999997
2015-08-30,1.7736979166666667
2015-08-31,3.229427083333333
2015-09-01,3.2708333333333335
2015-09-02,2.877864583333333
2015-09-03,3.3184065934065936
2015-09-04,3.3255208333333335
2015-09-05,2.486197916666667
2015-09-06,1.9486979166666665
2015-09-07,2.9963541666666664
2015-09-08,2.73046875
2015-09-09,3.10546875
2015-09-10,3.095833333333333
2015-09-11,3.4348958333333335
2015-09-12,2.3294270833333335
2015-09-13,2.302864583333333
2015-09-14,3.7356770833333335
2015-09-15,3.799739583333333
2015-09-16,3.6315104166666665
2015-09-17,3.966927083333333
2015-09-18,3.0234375
2015-09-19,2.0476562499999997
2015-09-20,2.4557291666666665
2015-09-21,3.631770833333333
2015-09-22,3.7578125
2015-09-23,3.5890625000000003
2015-09-24,4.09453125
2015-09-25,4.896354166666667
2015-09-26,2.478385416666667
2015-09-27,2.4466145833333335
2015-09-28,3.6080729166666665
2015-09-29,4.762760416666667
2015-09-30,4.114322916666667
2015-10-01,4.748958333333333
2015-10-02,5.539583333333333
2015-10-03,3.2231770833333333
2015-10-04,2.754947916666667
2015-10-05,3.908072916666667
2015-10-06,4.647916666666666
2015-10-07,5.404427083333334
2015-10-08,4.946354166666667
2015-10-09,4.797916666666667
2015-10-10,3.448177083333333
2015-10-11,2.9572916666666664
2015-10-12,6.208333333333333
2015-10-13,5.523958333333333
2015-10-14,5.405989583333334
2015-10-15,5.525520833333334
2015-10-16,5.33203125
2015-10-17,3.798697916666667
2015-10-18,3.5
2015-10-19,4.913541666666666
2015-10-20,4.347135416666666
2015-10-21,4.6351562500000005
2015-10-22,4.822916666666667
2015-10-23,4.203645833333334
2015-10-24,2.7721354166666665
2015-10-25,2.8109375
2015-10-26,3.9192708333333335
2015-10-27,3.934635416666667
2015-10-28,4.307291666666667
2015-10-29,4.0515625
2015-10-30,3.5973958333333336
2015-10-31,2.3059895833333335
2015-11-01,2.382552083333333
2015-11-02,4.302083333333333
2015-11-03,4.137760416666667
2015-11-04,4.542447916666666
2015-11-05,4.9078124999999995
2015-11-06,4.876302083333333
2015-11-07,3.1703125
2015-11-08,3.08828125
2015-11-09,4.990104166666667
2015-11-10,4.801041666666666
2015-11-11,4.386979166666666
2015-11-12,5.3257812499999995
2015-11-13,4.940885416666666
2015-11-14,3.05703125
2015-11-15,3.3328124999999997
2015-11-16,4.8648437499999995
2015-11-17,4.6453125
2015-11-18,4.711458333333334
2015-11-19,5.128645833333334
2015-11-20,4.730208333333334
2015-11-21,3.642447916666667
2015-11-22,4.141666666666667
2015-11-23,5.358854166666667
2015-11-24,5.198697916666666
2015-11-25,5.310677083333333
2015-11-26,5.066666666666666
2015-11-27,4.6000000000000005
2015-11-28,3.9671875
2015-11-29,3.5703125
2015-11-30,4.544791666666667
2015-12-01,4.5640624999999995
2015-12-02,4.149305555555555
2015-12-03,5.877083333333334
2015-12-04,4.7523437500000005
2015-12-05,3.3283854166666664
2015-12-06,3.4143229166666664
2015-12-07,4.85234375
2015-12-08,4.996875
2015-12-09,5.83671875
2015-12-10,5.736458333333334
2015-12-11,5.203645833333334
2015-12-12,3.6984375000000003
2015-12-13,3.6677083333333336
2015-12-14,5.125520833333334
2015-12-15,4.809895833333333
2015-12-16,5.616927083333334
2015-12-17,5.642447916666666
2015-12-18,4.959895833333333
2015-12-19,3.2825520833333335
2015-12-20,3.4611979166666664
2015-12-21,4.949479166666666
2015-12-22,4.702864583333334
2015-12-23,4.076822916666667
2015-12-24,4.488541666666666
2015-12-25,2.4359375
2015-12-26,2.6395833333333334
2015-12-27,2.697135416666667
2015-12-28,3.884375
2015-12-29,3.4830729166666665
2015-12-30,3.0187500000000003
2015-12-31,2.6687499999999997
2016-01-01,2.5283854166666666
2016-01-02,2.5203124999999997
2016-01-03,2.5244791666666666
2016-01-04,5.572135416666666
2016-01-05,5.174479166666667
2016-01-06,5.160416666666666
2016-01-07,5.28125
2016-01-08,5.12890625
2016-01-09,3.2466145833333333
2016-01-10,3.166145833333333
2016-01-11,4.037239583333333
2016-01-12,3.9497395833333333
2016-01-13,4.215885416666667
2016-01-14,4.413802083333333
2016-01-15,4.49296875
2016-01-16,3.3247395833333333
2016-01-17,2.650520833333333
2016-01-18,3.7721354166666665
2016-01-19,4.475520833333333
2016-01-20,4.327083333333333
2016-01-21,4.751822916666667
2016-01-22,4.680989583333333
2016-01-23,3.5171875
2016-01-24,2.9075520833333335
2016-01-25,3.947395833333333
2016-01-26,4.145052083333334
2016-01-27,3.7039062499999997
2016-01-28,4.408072916666667
2016-01-29,3.915885416666667
2016-01-30,2.93203125
2016-01-31,2.9828125
2016-02-01,4.433072916666666
2016-02-02,4.947395833333333
2016-02-03,5.631510416666667
2016-02-04,5.0890625
2016-02-05,4.541927083333333
2016-02-06,2.692447916666667
2016-02-07,2.8541666666666665
2016-02-08,2.323958333333333
2016-02-09,5.2875000000000005
2016-02-10,4.634635416666667
2016-02-11,4.563020833333334
2016-02-12,4.734375
2016-02-13,2.952083333333333
2016-02-14,3.2203125
2016-02-15,4.643229166666667
2016-02-16,4.665364583333333
2016-02-17,4.3734375000000005
2016-02-18,4.5921875000000005
2016-02-19,4.203125
2016-02-20,3.040104166666667
2016-02-21,2.783333333333333
2016-02-22,5.434114583333333
2016-02-23,4.978385416666667
2016-02-24,4.976302083333334
2016-02-25,5.04375
2016-02-26,4.89453125
2016-02-27,3.580208333333333
2016-02-28,3.9138020833333336
2016-02-29,4.960669375
2016-03-01,4.2862503125
2016-03-02,4.549908229166666
2016-03-03,4.5708459375
2016-03-04,4.913860104166667
2016-03-05,3.4146269791666666
2016-03-06,3.240923541666667
2016-03-07,5.252221770833333
2016-03-08,4.410324895833333
2016-03-09,5.216291458333333
2016-03-10,4.8463946875
2016-03-11,4.916703541666666
2016-03-12,3.2827979166666665
2016-03-13,3.5906581249999996
2016-03-14,4.8960246875
2016-03-15,4.8908546875
2016-03-16,4.858198854166667
2016-03-17,4.677828229166667
2016-03-18,4.5664725
2016-03-19,3.1459682291666664
2016-03-20,3.080008020833333
2016-03-21,4.2993069791666665
2016-03-22,4.531228333333334
2016-03-23,4.5692334375
2016-03-24,4.159151875
2016-03-25,4.0627565625
2016-03-26,2.827115104166667
2016-03-27,2.8261041666666666
2016-03-28,2.7084036458333336
2016-03-29,4.5761971875
2016-03-30,4.598773958333333
2016-03-31,4.132068229166667
2016-04-01,3.7809895833333336
2016-04-02,3.09609375
2016-04-03,3.0158854166666664
2016-04-04,3.4679687500000003
2016-04-05,3.9484375000000003
2016-04-06,4.480729166666666
2016-04-07,4.648958333333334
2016-04-08,5.461458333333333
2016-04-09,3.3658854166666665
2016-04-10,3.36484375
2016-04-11,4.5492187500000005
2016-04-12,4.5234375
2016-04-13,4.588802083333333
2016-04-14,4.697395833333333
2016-04-15,4.24140625
2016-04-16,3.045052083333333
2016-04-17,2.6122395833333334
2016-04-18,3.21875
2016-04-19,3.64453125
2016-04-20,3.314583333333333
2016-04-21,3.5598958333333335
2016-04-22,3.255729166666667
2016-04-23,2.987239583333333
2016-04-24,3.1320312500000003
2016-04-25,3.7708333333333335
2016-04-26,3.90859375
2016-04-27,2.3799479166666666
2016-04-28,3.7380208333333336
2016-04-29,3.0651041666666665
2016-04-30,2.1729166666666666
2016-05-01,2.0278645833333333
2016-05-02,2.1864583333333334
2016-05-03,3.9583333333333335
2016-05-04,4.0531250000000005
2016-05-05,4.120052083333333
2016-05-06,4.120052083333333
2016-05-07,2.2942708333333335
2016-05-08,2.2117187499999997
2016-05-09,4.45234375
2016-05-10,4.5054687499999995
2016-05-11,5.174739583333333
2016-05-12,5.349479166666666
2016-05-13,5.2515625
2016-05-14,2.6723958333333333
2016-05-15,2.535416666666667
2016-05-16,3.82421875
2016-05-17,3.826041666666667
2016-05-18,3.998958333333333
2016-05-19,4.693229166666667
2016-05-20,3.9445312500000003
2016-05-21,2.2427083333333333
2016-05-22,2.015364583333333
2016-05-23,3.827083333333333
2016-05-24,3.9518229166666665
2016-05-25,3.29296875
2016-05-26,4.317447916666667
2016-05-27,3.909114583333333
2016-05-28,2.1632812500000003
2016-05-29,2.2708333333333335
2016-05-30,2.95078125
2016-05-31,3.4567708333333336
2016-06-01,3.4299479166666664
2016-06-02,3.2729166666666667
2016-06-03,2.7731770833333336
2016-06-04,1.8072916666666667
2016-06-05,1.9182291666666667
2016-06-06,2.8869791666666664
2016-06-07,3.022395833333333
2016-06-08,3.2263020833333336
2016-06-09,3.7736979166666664
2016-06-10,3.96640625
2016-06-11,2.187239583333333
2016-06-12,1.9192708333333333
2016-06-13,3.8268229166666665
2016-06-14,3.380729166666667
2016-06-15,3.623177083333333
2016-06-16,3.3093749999999997
2016-06-17,3.498958333333333
2016-06-18,2.119270833333333
2016-06-19,1.8973958333333334
2016-06-20,3.54140625
2016-06-21,3.1653645833333335
2016-06-22,3.2580729166666664
2016-06-23,3.2921875000000003
2016-06-24,2.7981770833333335
2016-06-25,2.218489583333333
2016-06-26,2.2450520833333334
2016-06-27,3.6322916666666667
2016-06-28,3.592708333333333
2016-06-29,2.8921875
2016-06-30,3.270572916666667
2016-07-01,3.025
2016-07-02,2.365104166666667
2016-07-03,2.409895833333333
2016-07-04,2.93515625
2016-07-05,2.9846354166666664
2016-07-06,3.7171875
2016-07-07,3.149479166666667
2016-07-08,3.8000000000000003
2016-07-09,3.6333333333333333
2016-07-10,3.415625
2016-07-11,3.658072916666667
2016-07-12,4.1851562499999995
2016-07-13,3.7890625
2016-07-14,3.55625
2016-07-15,3.494270833333333
2016-07-16,1.6479166666666665
2016-07-17,1.6624999999999999
2016-07-18,2.5963541666666665
2016-07-19,2.3640624999999997
2016-07-20,2.5070312500000003
2016-07-21,2.5320312499999997
2016-07-22,2.577864583333333
2016-07-23,1.6197916666666667
2016-07-24,1.5854166666666665
2016-07-25,3.11484375
2016-07-26,2.8406249999999997
2016-07-27,2.8125
2016-07-28,2.59609375
2016-07-29,2.7312499999999997
2016-07-30,2.1260416666666666
2016-07-31,2.2421875
2016-08-01,2.98828125
2016-08-02,2.943229166666667
2016-08-03,2.7903645833333335
2016-08-04,2.770572916666667
2016-08-05,3.010677083333333
2016-08-06,2.2624999999999997
2016-08-07,1.9973958333333333
2016-08-08,2.670052083333333
2016-08-09,2.888541666666667
2016-08-10,3.3132812499999997
2016-08-11,3.155208333333333
2016-08-12,2.50390625
2016-08-13,1.5971354166666665
2016-08-14,1.5283854166666666
2016-08-15,1.5130208333333333
2016-08-16,2.677864583333333
2016-08-17,2.6234375
2016-08-18,2.4718750000000003
2016-08-19,2.3015624999999997
2016-08-20,1.659375
2016-08-21,1.4710937499999999
2016-08-22,2.568229166666667
2016-08-23,2.64453125
2016-08-24,2.353385416666667
2016-08-25,2.3546875000000003
2016-08-26,2.4559895833333334
2016-08-27,1.596875
2016-08-28,1.6109375000000001
2016-08-29,2.8716145833333333
2016-08-30,3.2966145833333336
2016-08-31,3.5815104166666667
2016-09-01,3.3752717391304343
2016-09-02,3.8312500000000003
2016-09-03,2.4890624999999997
2016-09-04,2.251822916666667
2016-09-05,3.19765625
2016-09-06,2.9093750000000003
2016-09-07,3.1479166666666667
2016-09-08,3.0471354166666664
2016-09-09,3.34921875
2016-09-10,2.9562500000000003
2016-09-11,2.4562500000000003
2016-09-12,3.3513020833333336
2016-09-13,3.224479166666667
2016-09-14,3.0148437500000003
2016-09-15,3.3484374999999997
2016-09-16,3.0989583333333335
2016-09-17,1.9276041666666668
2016-09-18,2.2234374999999997
2016-09-19,3.403385416666667
2016-09-20,3.986458333333333
2016-09-21,3.3736979166666665
2016-09-22,2.9914062500000003
2016-09-23,2.7505208333333333
2016-09-24,1.8885416666666668
2016-09-25,1.8708333333333333
2016-09-26,3.0661458333333336
2016-09-27,2.71484375
2016-09-28,2.719791666666667
2016-09-29,2.920833333333333
2016-09-30,2.942447916666667
2016-10-01,2.6354166666666665
2016-10-02,3.068229166666667
2016-10-03,3.8854166666666665
2016-10-04,3.4765625
2016-10-05,3.9361979166666665
2016-10-06,3.89453125
2016-10-07,4.604166666666667
2016-10-08,3.07578125
2016-10-09,3.3286458333333333
2016-10-10,4.509895833333333
2016-10-11,4.0804687500000005
2016-10-12,3.8757812499999997
2016-10-13,4.042708333333334
2016-10-14,4.121354166666666
2016-10-15,3.572395833333333
2016-10-16,3.50390625
2016-10-17,3.9049479166666665
2016-10-18,4.163541666666666
2016-10-19,3.9250000000000003
2016-10-20,4.217708333333333
2016-10-21,4.29765625
2016-10-22,3.4799479166666667
2016-10-23,3.3361979166666664
2016-10-24,4.146614583333333
2016-10-25,3.642708333333333
2016-10-26,3.575260416666667
2016-10-27,3.4489583333333336
2016-10-28,3.1450520833333333
2016-10-29,2.2393229166666666
2016-10-30,2.1320312500000003
2016-10-31,2.1921874999999997
2016-11-01,2.2356770833333335
2016-11-02,3.6419270833333335
2016-11-03,3.5825520833333333
2016-11-04,3.806510416666667
2016-11-05,3.822135416666667
2016-11-06,3.4427083333333335
2016-11-07,3.74609375
2016-11-08,4.040364583333333
2016-11-09,4.266927083333333
2016-11-10,4.003645833333334
2016-11-11,4.84453125
2016-11-12,3.5872395833333335
2016-11-13,4.327083333333333
2016-11-14,4.186197916666667
2016-11-15,4.16484375
2016-11-16,4.134635416666667
2016-11-17,4.391145833333334
2016-11-18,4.559375
2016-11-19,4.3296874999999995
2016-11-20,4.9953125
2016-11-21,5.500260416666666
2016-11-22,4.09296875
2016-11-23,4.55078125
2016-11-24,4.3859375
2016-11-25,4.706510416666666
2016-11-26,3.2111979166666664
2016-11-27,3.197395833333333
2016-11-28,4.1828125
2016-11-29,4.413020833333333
2016-11-30,4.808072916666666
2016-12-01,4.472916666666666
2016-12-02,5.714322916666667
2016-12-03,3.552864583333333
2016-12-04,3.787239583333333
2016-12-05,5.690625
2016-12-06,5.385416666666667
2016-12-07,4.565364583333333
2016-12-08,5.196614583333333
2016-12-09,4.309895833333333
2016-12-10,3.73828125
2016-12-11,3.709114583333333
2016-12-12,5.115885416666667
2016-12-13,4.309114583333334
2016-12-14,4.292708333333334
2016-12-15,4.5914062499999995
2016-12-16,4.028645833333333
2016-12-17,3.0427083333333336
2016-12-18,2.97109375
2016-12-19,3.9739583333333335
2016-12-20,4.483333333333333
2016-12-21,4.918229166666666
2016-12-22,5.114583333333333
2016-12-23,3.6721354166666664
2016-12-24,2.665885416666667
2016-12-25,2.5828124999999997
2016-12-26,2.6513020833333334
2016-12-27,3.737239583333333
2016-12-28,3.1138020833333333
2016-12-29,2.9174479166666667
2016-12-30,2.72890625
2016-12-31,2.615625
2017-01-01,2.703125
2017-01-02,2.5671874999999997
2017-01-03,3.986458333333333
2017-01-04,4.005729166666667
2017-01-05,3.826302083333333
2017-01-06,3.6867187500000003
2017-01-07,3.1953125
2017-01-08,4.0234375
2017-01-09,4.414322916666666
2017-01-10,4.88671875
2017-01-11,4.783072916666667
2017-01-12,5.094010416666666
2017-01-13,4.910677083333334
2017-01-14,3.579166666666667
2017-01-15,3.365104166666667
2017-01-16,4.72578125
2017-01-17,4.9484375
2017-01-18,5.783854166666667
2017-01-19,6.232291666666666
2017-01-20,4.9890625
2017-01-21,3.7109375
2017-01-22,3.795833333333333
2017-01-23,4.9484375
2017-01-24,5.4585937499999995
2017-01-25,5.7445312500000005
2017-01-26,5.6765625
2017-01-27,4.78828125
2017-01-28,2.8854166666666665
2017-01-29,4.1328125
2017-01-30,5.749479166666667
2017-01-31,5.77734375
2017-02-01,5.766666666666667
2017-02-02,4.982552083333333
2017-02-03,4.236197916666667
2017-02-04,3.5632812499999997
2017-02-05,3.7023437500000003
2017-02-06,4.634895833333333
2017-02-07,4.267447916666667
2017-02-08,2.3151041666666665
2017-02-09,4.685416666666667
2017-02-10,5.028125
2017-02-11,4.186979166666666
2017-02-12,3.9065104166666664
2017-02-13,4.87421875
2017-02-14,4.301302083333334
2017-02-15,4.863802083333334
2017-02-16,4.3382812500000005
2017-02-17,4.2718750000000005
2017-02-18,3.020572916666667
2017-02-19,2.9104166666666664
2017-02-20,4.26484375
2017-02-21,4.252604166666667
2017-02-22,4.680989583333333
2017-02-23,4.371614583333334
2017-02-24,4.272916666666666
2017-02-25,2.7083333333333335
2017-02-26,2.7580729166666664
2017-02-27,3.4640625000000003
2017-02-28,3.86875
2017-03-01,3.4046875
2017-03-02,3.8986979166666664
2017-03-03,3.8322916666666664
2017-03-04,3.051822916666667
2017-03-05,2.916145833333333
2017-03-06,4.245572916666666
2017-03-07,4.8843749999999995
2017-03-08,4.55546875
2017-03-09,4.458072916666667
2017-03-10,4.10234375
2017-03-11,3.0104166666666665
2017-03-12,3.2541666666666664
2017-03-13,3.69765625
2017-03-14,3.7697916666666664
2017-03-15,4.036197916666667
2017-03-16,4.076822916666667
2017-03-17,3.859375
2017-03-18,3.1458333333333335
2017-03-19,3.0578125000000003
2017-03-20,3.990364583333333
2017-03-21,4.527864583333334
2017-03-22,4.714322916666666
2017-03-23,4.314322916666667
2017-03-24,4.036197916666667
2017-03-25,2.5361979166666666
2017-03-26,2.834895833333333
2017-03-27,4.1304687499999995
2017-03-28,4.228385416666667
2017-03-29,4.025
2017-03-30,3.9617187499999997
2017-03-31,3.8216145833333335
2017-04-01,2.640885416666667
2017-04-02,2.8015624999999997
2017-04-03,3.7781249999999997
2017-04-04,3.9997395833333336
2017-04-05,3.844791666666667
2017-04-06,4.122135416666667
2017-04-07,3.978125
2017-04-08,2.318489583333333
2017-04-09,2.3325520833333333
2017-04-10,3.901302083333333
2017-04-11,3.8562499999999997
2017-04-12,3.2078124999999997
2017-04-13,4.213020833333333
2017-04-14,3.6723958333333333
2017-04-15,2.0653645833333334
2017-04-16,1.9171875
2017-04-17,1.9869791666666667
2017-04-18,3.625
2017-04-19,3.577083333333333
2017-04-20,3.9458333333333333
2017-04-21,3.7953125
2017-04-22,2.48984375
2017-04-23,3.29453125
2017-04-24,3.6174479166666664
2017-04-25,3.7619791666666664
2017-04-26,3.2651041666666667
2017-04-27,1.7502604166666667
2017-04-28,2.0322916666666666
2017-04-29,1.6979166666666667
2017-04-30,1.7861979166666666
2017-05-01,1.8859375
2017-05-02,1.8416666666666668
2017-05-03,2.84140625
2017-05-04,3.1955729166666664
2017-05-05,3.15859375
2017-05-06,2.4106770833333333
2017-05-07,2.226302083333333
2017-05-08,3.5005208333333333
2017-05-09,3.961979166666667
2017-05-10,4.555729166666667
2017-05-11,4.277604166666666
2017-05-12,3.7960937500000003
2017-05-13,2.3955729166666666
2017-05-14,2.386458333333333
2017-05-15,3.4880208333333336
2017-05-16,3.2096354166666665
2017-05-17,3.236197916666667
2017-05-18,3.5434895833333333
2017-05-19,3.2570312500000003
2017-05-20,2.5541666666666667
2017-05-21,2.1958333333333333
2017-05-22,3.3677083333333333
2017-05-23,3.026302083333333
2017-05-24,2.9927083333333333
2017-05-25,2.8296875
2017-05-26,3.0226562500000003
2017-05-27,2.0124999999999997
2017-05-28,1.9177083333333333
2017-05-29,3.4830729166666665
2017-05-30,3.435677083333333
2017-05-31,3.239322916666667
2017-06-01,3.2270833333333333
2017-06-02,3.415104166666667
2017-06-03,2.16953125
2017-06-04,2.3210937499999997
2017-06-05,3.423697916666667
2017-06-06,3.9125
2017-06-07,3.63125
2017-06-08,3.036197916666667
2017-06-09,3.0046874999999997
2017-06-10,2.0807291666666665
2017-06-11,2.0260416666666665
2017-06-12,3.2429687499999997
2017-06-13,2.9765625
2017-06-14,2.96875
2017-06-15,3.12265625
2017-06-16,3.3510416666666667
2017-06-17,1.91328125
2017-06-18,2.220833333333333
2017-06-19,3.7630208333333335
2017-06-20,4.000260416666666
2017-06-21,4.064583333333333
2017-06-22,3.8463541666666665
2017-06-23,4.334635416666667
2017-06-24,2.6494791666666666
2017-06-25,2.3471354166666667
2017-06-26,4.055729166666667
2017-06-27,3.9304687499999997
2017-06-28,3.145572916666667
2017-06-29,3.068489583333333
2017-06-30,3.1677083333333336
2017-07-01,2.179427083333333
2017-07-02,2.203385416666667
2017-07-03,2.5085937499999997
2017-07-04,2.586197916666667
2017-07-05,3.1197916666666665
2017-07-06,3.9283854166666665
2017-07-07,3.63125
2017-07-08,2.4234375
2017-07-09,2.338020833333333
2017-07-10,4.091145833333333
2017-07-11,3.4270833333333335
2017-07-12,3.684635416666667
2017-07-13,3.470833333333333
2017-07-14,2.8140625
2017-07-15,1.7231770833333335
2017-07-16,2.0278645833333333
2017-07-17,2.778385416666667
2017-07-18,2.6184895833333335
2017-07-19,3.3156250000000003
2017-07-20,2.91796875
2017-07-21,3.1536458333333335
2017-07-22,2.1140624999999997
2017-07-23,2.037239583333333
2017-07-24,3.213802083333333
2017-07-25,3.0656250000000003
2017-07-26,3.0744791666666664
2017-07-27,3.0130208333333335
2017-07-28,2.6322916666666667
2017-07-29,1.7463541666666667
2017-07-30,1.6401041666666665
2017-07-31,2.8385416666666665
2017-08-01,2.7721354166666665
2017-08-02,2.8322916666666664
2017-08-03,2.95859375
2017-08-04,3.9611979166666664
2017-08-05,3.0421875000000003
2017-08-06,2.71484375
2017-08-07,3.08046875
2017-08-08,3.267708333333333
2017-08-09,3.6361979166666667
2017-08-10,3.3638020833333333
2017-08-11,3.0013020833333335
2017-08-12,2.123177083333333
2017-08-13,2.0677083333333335
2017-08-14,2.413802083333333
2017-08-15,2.10546875
2017-08-16,2.951302083333333
2017-08-17,2.83984375
2017-08-18,2.884635416666667
2017-08-19,1.8393229166666665
2017-08-20,1.7723958333333334
2017-08-21,2.716927083333333
2017-08-22,2.768489583333333
2017-08-23,3.18203125
2017-08-24,3.1263020833333335
2017-08-25,2.6919270833333333
2017-08-26,2.1101562499999997
2017-08-27,2.0875
2017-08-28,3.3989583333333333
2017-08-29,2.7195312499999997
2017-08-30,3.237239583333333
2017-08-31,3.3835164835164835
2017-09-01,3.6315104166666665
2017-09-02,2.3958333333333335
2017-09-03,1.7848958333333333
2017-09-04,2.931510416666667
2017-09-05,2.854427083333333
2017-09-06,3.2875
2017-09-07,4.356510416666667
2017-09-08,3.5385416666666667
2017-09-09,2.4643229166666667
2017-09-10,3.0471354166666664
2017-09-11,3.9455729166666664
2017-09-12,3.2221354166666667
2017-09-13,3.262760416666667
2017-09-14,3.342708333333333
2017-09-15,3.1492187499999997
2017-09-16,2.741145833333333
2017-09-17,2.5942708333333333
2017-09-18,3.4343749999999997
2017-09-19,4.578125
2017-09-20,5.309375
2017-09-21,4.400520833333333
2017-09-22,3.8518229166666664
2017-09-23,2.511458333333333
2017-09-24,3.1744791666666665
2017-09-25,4.394270833333334
2017-09-26,4.382552083333334
2017-09-27,4.4320312500000005
2017-09-28,4.638020833333333
2017-09-29,4.0171874999999995
2017-09-30,2.6419270833333335
2017-10-01,2.8442708333333333
2017-10-02,4.127604166666667
2017-10-03,4.867447916666666
2017-10-04,4.34453125
2017-10-05,4.7093750000000005
2017-10-06,4.48046875
2017-10-07,4.408072916666667
2017-10-08,3.8825520833333336
2017-10-09,4.643229166666667
2017-10-10,4.776302083333333
2017-10-11,4.770833333333333
2017-10-12,3.9880208333333336
2017-10-13,4.300520833333334
2017-10-14,3.7536458333333336
2017-10-15,3.2734375
2017-10-16,4.497916666666667
2017-10-17,4.199479166666666
2017-10-18,4.421614583333334
2017-10-19,4.213541666666667
2017-10-20,4.812760416666667
2017-10-21,3.81875
2017-10-22,4.240364583333333
2017-10-23,5.320572916666666
2017-10-24,4.765364583333333
2017-10-25,4.30859375
2017-10-26,4.015104166666666
2017-10-27,3.7921875000000003
2017-10-28,2.5749999999999997
2017-10-29,2.1083333333333334
2017-10-30,3.0716145833333335
2017-10-31,2.538802083333333
2017-11-01,2.5859375
2017-11-02,3.4856770833333335
2017-11-03,3.9856770833333335
2017-11-04,3.2096354166666665
2017-11-05,2.9856770833333335
2017-11-06,4.9015625
2017-11-07,4.5367187499999995
2017-11-08,4.9632812500000005
2017-11-09,4.7765625
2017-11-10,4.878125
2017-11-11,4.13203125
2017-11-12,4.536979166666667
2017-11-13,4.338020833333333
2017-11-14,4.964583333333334
2017-11-15,4.546614583333334
2017-11-16,4.553385416666667
2017-11-17,5.308072916666666
2017-11-18,3.3640624999999997
2017-11-19,3.6645833333333333
2017-11-20,4.0804687500000005
2017-11-21,4.509895833333333
2017-11-22,4.555989583333333
2017-11-23,4.758333333333334
2017-11-24,4.365104166666667
2017-11-25,4.180989583333333
2017-11-26,3.8835937499999997
2017-11-27,4.0859375
2017-11-28,4.499739583333334
2017-11-29,4.633333333333334
2017-11-30,4.998177083333333
2017-12-01,5.523697916666666
2017-12-02,4.120052083333333
2017-12-03,4.0882812500000005
2017-12-04,4.072135416666667
2017-12-05,4.472916666666666
2017-12-06,4.271614583333333
2017-12-07,4.6226562499999995
2017-12-08,4.415885416666667
2017-12-09,4.026302083333333
2017-12-10,4.2375
2017-12-11,4.17265625
2017-12-12,4.438802083333333
2017-12-13,5.18359375
2017-12-14,4.739583333333333
2017-12-15,4.70234375
2017-12-16,3.838802083333333
2017-12-17,3.6130208333333336
2017-12-18,4.31640625
2017-12-19,4.493229166666667
2017-12-20,4.2640625000000005
2017-12-21,4.554947916666666
2017-12-22,3.9138020833333336
2017-12-23,2.4658854166666666
2017-12-24,2.4833333333333334
2017-12-25,2.5591145833333333
2017-12-26,2.4054687500000003
2017-12-27,3.1059895833333333
2017-12-28,3.55703125
2017-12-29,2.775
2017-12-30,2.3546875000000003
2017-12-31,2.109114583333333
2018-01-01,2.1596354166666667
2018-01-02,2.435416666666667
2018-01-03,4.103385416666667
2018-01-04,3.98046875
2018-01-05,4.047916666666667
2018-01-06,3.66640625
2018-01-07,3.670052083333333
2018-01-08,4.500520833333334
2018-01-09,4.7078125
2018-01-10,4.7523437500000005
2018-01-11,4.859114583333334
2018-01-12,4.590364583333334
2018-01-13,3.9622395833333335
2018-01-14,4.1039062500000005
2018-01-15,5.033072916666667
2018-01-16,4.9085937500000005
2018-01-17,5.29375
2018-01-18,5.41484375
2018-01-19,5.542447916666667
2018-01-20,3.461979166666667
2018-01-21,3.3359375
2018-01-22,4.368229166666667
2018-01-23,4.694010416666667
2018-01-24,4.394270833333334
2018-01-25,4.2132812500000005
2018-01-26,4.234635416666666
2018-01-27,3.732291666666667
2018-01-28,3.8796874999999997
2018-01-29,4.263541666666667
2018-01-30,4.3726562499999995
2018-01-31,4.72578125
2018-02-01,5.190364583333333
2018-02-02,4.694791666666666
2018-02-03,3.240625
2018-02-04,2.7278645833333335
2018-02-05,4.253645833333334
2018-02-06,4.5992187499999995
2018-02-07,4.66796875
2018-02-08,2.4226562499999997
2018-02-09,4.0874999999999995
2018-02-10,3.3872395833333333
2018-02-11,3.149479166666667
2018-02-12,4.109635416666666
2018-02-13,4.558333333333334
2018-02-14,4.589322916666666
2018-02-15,4.825
2018-02-16,4.5515625
2018-02-17,3.1911458333333336
2018-02-18,3.7856770833333333
2018-02-19,4.308072916666666
2018-02-20,4.812239583333333
2018-02-21,4.7
2018-02-22,4.869791666666667
2018-02-23,4.94140625
2018-02-24,5.293229166666666
2018-02-25,4.00078125
2018-02-26,5.279166666666667
2018-02-27,5.570833333333333
2018-02-28,5.344791666666667
2018-03-01,5.577083333333333
2018-03-02,5.679947916666666
2018-03-03,4.295833333333333
2018-03-04,4.7375
2018-03-05,4.440885416666666
2018-03-06,4.059375
2018-03-07,4.366666666666666
2018-03-08,4.5679687499999995
2018-03-09,4.233333333333333
2018-03-10,2.84765625
2018-03-11,3.459114583333333
2018-03-12,3.7825520833333335
2018-03-13,3.7807291666666667
2018-03-14,3.7630208333333335
2018-03-15,3.994010416666667
2018-03-16,4.307291666666667
2018-03-17,3.4817708333333335
2018-03-18,3.236197916666667
2018-03-19,4.2124999999999995
2018-03-20,4.363802083333334
2018-03-21,4.036458333333333
2018-03-22,3.955989583333333
2018-03-23,3.7497395833333336
2018-03-24,3.2307291666666664
2018-03-25,3.5111979166666667
2018-03-26,3.7742187499999997
2018-03-27,3.7328125
2018-03-28,3.3354166666666667
2018-03-29,4.083854166666667
2018-03-30,3.3786458333333336
2018-03-31,2.23046875
2018-04-01,2.1984375000000003
2018-04-02,2.261458333333333
2018-04-03,3.833854166666667
2018-04-04,4.0687500000000005
2018-04-05,4.006770833333333
2018-04-06,3.6510416666666665
2018-04-07,2.4893229166666666
2018-04-08,2.5674479166666666
2018-04-09,3.55859375
2018-04-10,4.035416666666666
2018-04-11,3.802604166666667
2018-04-12,3.8630208333333336
2018-04-13,3.0890625000000003
2018-04-14,2.705989583333333
2018-04-15,2.6380208333333335
2018-04-16,3.2385416666666664
2018-04-17,3.6674479166666667
2018-04-18,3.1713541666666667
2018-04-19,3.1632812500000003
2018-04-20,2.6570312499999997
2018-04-21,2.7375000000000003
2018-04-22,2.7239583333333335
2018-04-23,3.0052083333333335
2018-04-24,3.362239583333333
2018-04-25,2.818489583333333
2018-04-26,3.0625
2018-04-27,2.0552083333333333
2018-04-28,2.053125
2018-04-29,2.000260416666667
2018-04-30,2.1127604166666667
2018-05-01,2.218489583333333
2018-05-02,2.162239583333333
2018-05-03,2.507552083333333
2018-05-04,2.8567708333333335
2018-05-05,2.2882812500000003
2018-05-06,2.2979166666666666
2018-05-07,2.90078125
2018-05-08,3.0598958333333335
2018-05-09,3.43359375
2018-05-10,3.6085937500000003
2018-05-11,3.640625
2018-05-12,2.2192708333333333
2018-05-13,1.93046875
2018-05-14,3.30625
2018-05-15,3.731510416666667
2018-05-16,3.373958333333333
2018-05-17,3.580989583333333
2018-05-18,3.0377604166666665
2018-05-19,1.8815104166666667
2018-05-20,2.0473958333333333
2018-05-21,2.9447916666666667
2018-05-22,2.950260416666667
2018-05-23,2.9140625
2018-05-24,2.88671875
2018-05-25,2.741145833333333
2018-05-26,1.9664062500000001
2018-05-27,2.05625
2018-05-28,2.9796875000000003
2018-05-29,3.2856770833333333
2018-05-30,3.0822916666666664
2018-05-31,3.8169270833333333
2018-06-01,4.181770833333333
2018-06-02,2.6067708333333335
2018-06-03,2.3158854166666667
2018-06-04,3.8236979166666667
2018-06-05,4.0882812500000005
2018-06-06,3.5083333333333333
2018-06-07,3.4773437499999997
2018-06-08,3.4309895833333335
2018-06-09,2.7270833333333333
2018-06-10,2.6648437499999997
2018-06-11,3.634635416666667
2018-06-12,3.3216145833333335
2018-06-13,2.646354166666667
2018-06-14,2.484114583333333
2018-06-15,2.54140625
2018-06-16,2.327864583333333
2018-06-17,2.185677083333333
2018-06-18,2.9914062500000003
2018-06-19,3.372916666666667
2018-06-20,3.2278645833333335
2018-06-21,3.907291666666667
2018-06-22,2.8713541666666664
2018-06-23,1.8203125
2018-06-24,1.8812499999999999
2018-06-25,1.8057291666666666
2018-06-26,2.4583333333333335
2018-06-27,2.5377604166666665
2018-06-28,2.601822916666667
2018-06-29,2.5421875000000003
2018-06-30,2.1731770833333335
2018-07-01,2.062760416666667
2018-07-02,2.6203125000000003
2018-07-03,2.6328125
2018-07-04,2.7786458333333335
2018-07-05,3.3463541666666665
2018-07-06,3.3401041666666664
2018-07-07,1.94453125
2018-07-08,1.8044270833333333
2018-07-09,3.2966145833333336
2018-07-10,3.2184895833333336
2018-07-11,3.387760416666667
2018-07-12,3.0385416666666667
2018-07-13,2.6843749999999997
2018-07-14,1.56328125
2018-07-15,1.56953125
2018-07-16,2.62890625
2018-07-17,2.451302083333333
2018-07-18,2.584114583333333
2018-07-19,2.5455729166666665
2018-07-20,2.75546875
2018-07-21,1.6174479166666667
2018-07-22,1.7447916666666667
2018-07-23,2.4036458333333335
2018-07-24,2.5356770833333333
2018-07-25,2.380989583333333
2018-07-26,2.640364583333333
2018-07-27,2.6692708333333335
2018-07-28,4.415885416666667
2018-07-29,2.4973958333333335
2018-07-30,3.1320312500000003
2018-07-31,4.813541666666667
2018-08-01,5.4125000000000005
2018-08-02,3.161979166666667
2018-08-03,2.923958333333333
2018-08-04,2.862239583333333
2018-08-05,2.572395833333333
2018-08-06,3.06484375
2018-08-07,3.2591145833333335
2018-08-08,3.3580729166666665
2018-08-09,3.5317708333333333
2018-08-10,3.7526041666666665
2018-08-11,3.2687500000000003
2018-08-12,2.80234375
2018-08-13,2.9718750000000003
2018-08-14,2.51328125
2018-08-15,1.7578125
2018-08-16,2.7328125
2018-08-17,2.737239583333333
2018-08-18,1.8796875
2018-08-19,1.9388020833333333
2018-08-20,3.1890625
2018-08-21,3.4518229166666665
2018-08-22,3.1442105263157893
2018-08-23,3.302604166666667
2018-08-24,3.0229166666666667
2018-08-25,1.76171875
2018-08-26,1.6041666666666667
2018-08-27,2.7067708333333336
2018-08-28,2.9109374999999997
2018-08-29,2.9578124999999997
2018-08-30,2.9828125
2018-08-31,2.86484375
2018-09-01,2.6549479166666665
2018-09-02,2.1458333333333335
2018-09-03,2.505989583333333
2018-09-04,2.6401041666666667
2018-09-05,2.9302083333333333
2018-09-06,2.7036458333333333
2018-09-07,2.8532608695652173
2018-09-08,1.9828124999999999
2018-09-09,2.044791666666667
2018-09-10,2.9343749999999997
2018-09-11,2.85390625
2018-09-12,3.1020833333333333
2018-09-13,2.70859375
2018-09-14,2.6010416666666667
2018-09-15,2.6473958333333334
2018-09-16,2.211197916666667
2018-09-17,2.6713541666666667
2018-09-18,2.93203125
2018-09-19,2.81640625
2018-09-20,2.65390625
2018-09-21,3.283333333333333
2018-09-22,2.9929687499999997
2018-09-23,2.433333333333333
2018-09-24,2.6872395833333336
2018-09-25,3.1833333333333336
2018-09-26,3.426822916666667
2018-09-27,4.078645833333334
2018-09-28,3.25
2018-09-29,3.2309895833333333
2018-09-30,2.5200520833333333
2018-10-01,4.238541666666666
2018-10-02,5.01640625
2018-10-03,4.472135416666666
2018-10-04,4.6304687499999995
2018-10-05,4.4234374999999995
2018-10-06,2.8950520833333333
2018-10-07,2.8268229166666665
2018-10-08,3.994270833333333
2018-10-09,3.7895833333333333
2018-10-10,3.9505208333333335
2018-10-11,3.616145833333333
2018-10-12,3.5513020833333333
2018-10-13,2.1861979166666665
2018-10-14,2.44765625
2018-10-15,4.034375
2018-10-16,3.5309895833333336
2018-10-17,4.261458333333333
2018-10-18,3.4153645833333335
2018-10-19,3.7515625
2018-10-20,3.5364583333333335
2018-10-21,3.6380208333333335
2018-10-22,3.607552083333333
2018-10-23,3.7338541666666667
2018-10-24,3.5929687500000003
2018-10-25,3.5705729166666664
2018-10-26,4.1460937499999995
2018-10-27,2.9020833333333336
2018-10-28,3.1236979166666665
2018-10-29,3.5817708333333336
2018-10-30,2.81796875
2018-10-31,2.0088541666666666
2018-11-01,2.033072916666667
2018-11-02,2.2468749999999997
2018-11-03,1.9700520833333333
2018-11-04,1.96796875
2018-11-05,4.28125
2018-11-06,4.336979166666667
2018-11-07,4.0062500000000005
2018-11-08,4.095052083333333
2018-11-09,4.187239583333334
2018-11-10,2.709895833333333
2018-11-11,3.7742187499999997
2018-11-12,4.748697916666667
2018-11-13,4.608072916666667
2018-11-14,4.5414062500000005
2018-11-15,4.154947916666667
2018-11-16,3.63515625
2018-11-17,2.5669270833333333
2018-11-18,3.7229166666666664
2018-11-19,4.311197916666667
2018-11-20,4.605729166666666
2018-11-21,4.509114583333333
2018-11-22,5.125520833333334
2018-11-23,4.309895833333333
2018-11-24,3.4919270833333336
2018-11-25,3.4182291666666664
2018-11-26,4.034895833333334
2018-11-27,4.402864583333334
2018-11-28,3.7807291666666667
2018-11-29,4.012760416666667
2018-11-30,4.13984375
2018-12-01,4.021614583333333
2018-12-02,4.162760416666667
2018-12-03,4.329166666666667
2018-12-04,4.274479166666667
2018-12-05,4.7601562500000005
2018-12-06,4.883854166666667
2018-12-07,4.6000000000000005
2018-12-08,3.0359374999999997
2018-12-09,2.8744791666666667
2018-12-10,4.201822916666667
2018-12-11,3.961979166666667
2018-12-12,4.1460937499999995
2018-12-13,4.059635416666667
2018-12-14,5.086979166666667
2018-12-15,3.791145833333333
2018-12-16,3.4067708333333333
2018-12-17,4.308333333333334
2018-12-18,3.806510416666667
2018-12-19,4.665104166666667
2018-12-20,4.406510416666666
2018-12-21,4.5734375
2018-12-22,3.994010416666667
2018-12-23,3.646354166666667
2018-12-24,3.0421875000000003
2018-12-25,2.488541666666667
2018-12-26,2.5263020833333334
2018-12-27,3.1731770833333335
2018-12-28,3.088020833333333
2018-12-29,2.6338541666666666
2018-12-30,2.7156249999999997
2018-12-31,2.8679687499999997
2019-01-01,2.7697916666666664
2019-01-02,2.8177083333333335
2019-01-03,3.8666666666666667
2019-01-04,3.7341145833333336
2019-01-05,3.775260416666667
2019-01-06,3.6276041666666665
2019-01-07,4.864322916666667
2019-01-08,5.601302083333334
2019-01-09,5.768229166666667
2019-01-10,5.606510416666667
2019-01-11,4.896354166666667
2019-01-12,3.611458333333333
2019-01-13,3.5208333333333335
2019-01-14,4.795052083333333
2019-01-15,4.8460937500000005
2019-01-16,5.0421875
2019-01-17,5.015625
2019-01-18,5.2242187499999995
2019-01-19,3.784114583333333
2019-01-20,3.69296875
2019-01-21,5.105989583333334
2019-01-22,5.843489583333334
2019-01-23,5.716927083333334
2019-01-24,5.7015625000000005
2019-01-25,5.5015624999999995
2019-01-26,3.2747395833333335
2019-01-27,3.713802083333333
2019-01-28,6.633333333333333
2019-01-29,6.583072916666667
2019-01-30,6.157291666666667
2019-01-31,6.405208333333333
2019-02-01,5.909895833333334
2019-02-02,4.00859375
2019-02-03,3.7044270833333335
2019-02-04,4.729427083333333
2019-02-05,4.83203125
2019-02-06,4.986979166666667
2019-02-07,4.978385416666667
2019-02-08,2.98671875
2019-02-09,3.0710937499999997
2019-02-10,3.54140625
2019-02-11,5.115104166666667
2019-02-12,4.6937500000000005
2019-02-13,4.979166666666667
2019-02-14,5.08515625
2019-02-15,4.66328125
2019-02-16,3.525520833333333
2019-02-17,3.3786458333333336
2019-02-18,4.562239583333334
2019-02-19,4.467447916666667
2019-02-20,4.416145833333333
2019-02-21,4.35078125
2019-02-22,4.33203125
2019-02-23,3.0984374999999997
2019-02-24,3.25546875
2019-02-25,3.859375
2019-02-26,3.6799479166666664
2019-02-27,3.623958333333333
2019-02-28,3.5588541666666664
2019-03-01,4.110677083333333
2019-03-02,3.244010416666667
2019-03-03,2.9869791666666665
2019-03-04,4.078125
2019-03-05,4.198177083333333
2019-03-06,4.279427083333333
2019-03-07,4.059895833333333
2019-03-08,3.5783854166666664
2019-03-09,3.1216145833333333
2019-03-10,3.4653645833333333
2019-03-11,5.008072916666666
2019-03-12,4.486458333333333
2019-03-13,4.120052083333333
2019-03-14,4.514583333333333
2019-03-15,3.349739583333333
2019-03-16,3.008854166666667
2019-03-17,2.74375
2019-03-18,4.194270833333333
2019-03-19,4.268229166666667
2019-03-20,3.90625
2019-03-21,3.70078125
2019-03-22,3.627083333333333
2019-03-23,3.04921875
2019-03-24,3.046875
2019-03-25,3.7838541666666665
2019-03-26,3.8216145833333335
2019-03-27,3.502083333333333
2019-03-28,3.6536458333333335
2019-03-29,3.69296875
2019-03-30,2.923697916666667
2019-03-31,2.885677083333333
2019-04-01,3.510677083333333
2019-04-02,3.459895833333333
2019-04-03,4.077864583333334
2019-04-04,4.51640625
2019-04-05,4.903125
2019-04-06,3.5658854166666667
2019-04-07,3.44140625
2019-04-08,3.8002604166666667
2019-04-09,4.07109375
2019-04-10,3.829947916666667
2019-04-11,5.1031249999999995
2019-04-12,5.509635416666666
2019-04-13,4.259635416666667
2019-04-14,4.416145833333333
2019-04-15,4.2632812499999995
2019-04-16,3.7742187499999997
2019-04-17,3.4546875
2019-04-18,3.536197916666667
2019-04-19,3.306770833333333
2019-04-20,2.5283854166666666
2019-04-21,2.345572916666667
2019-04-22,2.4190104166666666
2019-04-23,3.7171875
2019-04-24,3.365104166666667
2019-04-25,3.0325520833333335
2019-04-26,2.8471354166666667
2019-04-27,2.347395833333333
2019-04-28,2.7380208333333336
2019-04-29,3.16171875
2019-04-30,2.978385416666667
2019-05-01,2.4622395833333335
2019-05-02,2.4617187499999997
2019-05-03,2.7122395833333335
2019-05-04,3.3796874999999997
2019-05-05,3.8445312499999997
2019-05-06,4.319791666666666
2019-05-07,4.271614583333333
2019-05-08,3.4065104166666664
2019-05-09,4.294791666666667
2019-05-10,3.5013020833333335
2019-05-11,2.9583333333333335
2019-05-12,3.4927083333333333
2019-05-13,4.327604166666666
2019-05-14,4.763020833333333
2019-05-15,4.924479166666667
2019-05-16,4.185677083333333
2019-05-17,3.629947916666667
2019-05-18,3.59609375
2019-05-19,3.2023437500000003
2019-05-20,4.1703125000000005
2019-05-21,4.315364583333333
2019-05-22,4.502604166666667
2019-05-23,4.53046875
2019-05-24,4.147135416666667
2019-05-25,2.5497395833333334
2019-05-26,2.540625
2019-05-27,3.9835937500000003
2019-05-28,3.9427083333333335
2019-05-29,3.96640625
2019-05-30,4.163541666666666
2019-05-31,4.007552083333334
2019-06-01,2.8796874999999997
2019-06-02,2.4544270833333335
2019-06-03,3.420833333333333
2019-06-04,3.6174479166666664
2019-06-05,3.7546874999999997
2019-06-06,3.7174479166666665
2019-06-07,3.6398437500000003
2019-06-08,2.6578125
2019-06-09,2.4125
2019-06-10,3.8453125
2019-06-11,3.8914062499999997
2019-06-12,3.3664062500000003
2019-06-13,3.666927083333333
2019-06-14,4.098697916666667
2019-06-15,3.7609375000000003
2019-06-16,3.271614583333333
2019-06-17,3.4653645833333333
2019-06-18,3.5893229166666667
2019-06-19,3.196875
2019-06-20,3.147395833333333
2019-06-21,3.946875
2019-06-22,3.2687500000000003
2019-06-23,2.6218749999999997
2019-06-24,2.8463541666666665
2019-06-25,2.1669270833333334
2019-06-26,3.514583333333333
2019-06-27,3.641666666666667
2019-06-28,3.434635416666667
2019-06-29,2.9835937500000003
2019-06-30,2.570052083333333
2019-07-01,3.7223958333333336
2019-07-02,3.8434895833333336
2019-07-03,3.4020833333333336
2019-07-04,3.4645833333333336
2019-07-05,3.2955729166666665
2019-07-06,2.4270833333333335
2019-07-07,2.515885416666667
2019-07-08,3.3197916666666667
2019-07-09,3.0658854166666667
2019-07-10,2.705989583333333
2019-07-11,3.0807291666666665
2019-07-12,2.7765625000000003
2019-07-13,1.9976562500000001
2019-07-14,2.0463541666666667
2019-07-15,2.662239583333333
2019-07-16,2.7937499999999997
2019-07-17,2.6721354166666664
2019-07-18,2.862239583333333
2019-07-19,2.500260416666667
2019-07-20,1.9919270833333333
2019-07-21,2.0921875
2019-07-22,2.8111979166666665
2019-07-23,2.7570312500000003
2019-07-24,2.716927083333333
2019-07-25,2.9682291666666667
2019-07-26,2.8674479166666664
2019-07-27,1.9783854166666668
2019-07-28,1.8208333333333335
2019-07-29,2.4869791666666665
2019-07-30,2.6979166666666665
2019-07-31,2.3799479166666666
2019-08-01,2.790104166666667
2019-08-02,2.6955729166666664
2019-08-03,2.0815104166666667
2019-08-04,2.201041666666667
2019-08-05,2.5463541666666667
2019-08-06,2.7458333333333336
2019-08-07,2.6216145833333333
2019-08-08,2.589583333333333
2019-08-09,2.8666666666666667
2019-08-10,2.7903645833333335
2019-08-11,2.564583333333333
2019-08-12,3.3950520833333333
2019-08-13,3.0627604166666664
2019-08-14,2.7328125
2019-08-15,2.2627604166666666
2019-08-16,2.4234375
2019-08-17,2.2098958333333334
2019-08-18,2.1518229166666667
2019-08-19,3.056770833333333
2019-08-20,2.9523437500000003
2019-08-21,3.2828125
2019-08-22,3.1135416666666664
2019-08-23,2.8005208333333336
2019-08-24,2.0773437500000003
2019-08-25,2.078385416666667
2019-08-26,3.140625
2019-08-27,3.584114583333333
2019-08-28,3.3111979166666665
2019-08-29,3.509635416666667
2019-08-30,3.9645833333333336
2019-08-31,2.745052083333333
2019-09-01,2.4515625
2019-09-02,3.0276041666666664
2019-09-03,3.00390625
2019-09-04,3.420833333333333
2019-09-05,3.65078125
2019-09-06,3.4934895833333335
2019-09-07,3.034114583333333
2019-09-08,3.0484375
2019-09-09,4.051822916666667
2019-09-10,4.10625
2019-09-11,3.7973958333333333
2019-09-12,3.8607142857142858
2019-09-13,3.547916666666667
2019-09-14,2.838802083333333
2019-09-15,2.8601562499999997
2019-09-16,3.3640624999999997
2019-09-17,3.3567708333333335
2019-09-18,3.944270833333333
2019-09-19,3.678645833333333
2019-09-20,3.979427083333333
2019-09-21,3.3625000000000003
2019-09-22,3.48203125
2019-09-23,4.044010416666667
2019-09-24,4.063020833333334
2019-09-25,3.612239583333333
2019-09-26,3.6286458333333336
2019-09-27,3.5171875
2019-09-28,3.7062500000000003
2019-09-29,3.646614583333333
2019-09-30,3.290104166666667
2019-10-01,3.393489583333333
2019-10-02,3.7708333333333335
2019-10-03,3.672916666666667
2019-10-04,3.817447916666667
2019-10-05,3.4921875
2019-10-06,3.79140625
2019-10-07,4.46484375
2019-10-08,4.668489583333334
2019-10-09,5.396614583333334
2019-10-10,5.5078125
2019-10-11,5.11328125
2019-10-12,3.998958333333333
2019-10-13,3.6481770833333336
2019-10-14,4.667447916666666
2019-10-15,5.286979166666667
2019-10-16,4.5570312500000005
2019-10-17,4.471614583333333
2019-10-18,4.670833333333333
2019-10-19,3.479427083333333
2019-10-20,3.515625
2019-10-21,4.082552083333334
2019-10-22,4.27265625
2019-10-23,3.580989583333333
2019-10-24,3.8325520833333333
2019-10-25,4.008333333333334
2019-10-26,3.698177083333333
2019-10-27,3.576302083333333
2019-10-28,3.635677083333333
2019-10-29,4.544010416666667
2019-10-30,3.978385416666667
2019-10-31,3.1359375000000003
2019-11-01,3.1726562499999997
2019-11-02,3.1140624999999997
2019-11-03,2.7023437500000003
2019-11-04,4.102083333333334
2019-11-05,4.841666666666667
2019-11-06,5.003125
2019-11-07,5.35859375
2019-11-08,5.322395833333333
2019-11-09,3.2338541666666667
2019-11-10,3.6320312500000003
2019-11-11,5.518229166666667
2019-11-12,6.0828125
2019-11-13,6.204947916666666
2019-11-14,5.325260416666667
2019-11-15,5.305208333333334
2019-11-16,4.03984375
2019-11-17,4.252083333333333
2019-11-18,4.384635416666667
2019-11-19,4.519791666666666
2019-11-20,4.64921875
2019-11-21,4.841666666666667
2019-11-22,4.80546875
2019-11-23,4.206770833333334
2019-11-24,4.3656250000000005
2019-11-25,5.305729166666667
2019-11-26,6.4664062499999995
2019-11-27,6.151822916666667
2019-11-28,5.872916666666666
2019-11-29,5.325520833333333
2019-11-30,4.697916666666667
2019-12-01,4.083072916666667
2019-12-02,5.817708333333333
2019-12-03,4.6585937500000005
2019-12-04,5.03203125
2019-12-05,5.20625
2019-12-06,6.117708333333333
2019-12-07,4.847135416666666
2019-12-08,5.061458333333333
2019-12-09,5.456770833333334
2019-12-10,6.356770833333333
2019-12-11,5.792708333333334
2019-12-12,5.9164062500000005
2019-12-13,5.914583333333333
2019-12-14,4.1953125
2019-12-15,4.0796874999999995
2019-12-16,5.835416666666667
2019-12-17,5.6734374999999995
2019-12-18,5.365885416666667
2019-12-19,6.021354166666666
2019-12-20,6.032552083333333
2019-12-21,5.2679687500000005
2019-12-22,5.27734375
2019-12-23,6.318489583333334
2019-12-24,5.480729166666666
2019-12-25,2.663802083333333
2019-12-26,2.554947916666667
2019-12-27,4.87109375
2019-12-28,2.6950520833333336
2019-12-29,2.8736979166666665
2019-12-30,5.559114583333333
2019-12-31,4.94921875
2020-01-01,3.4445312500000003
2020-01-02,3.734375
2020-01-03,4.53828125
2020-01-04,5.579427083333333
2020-01-05,4.8656250000000005
2020-01-06,4.20234375
2020-01-07,4.994010416666667
2020-01-08,4.85234375
2020-01-09,4.579166666666667
2020-01-10,4.636458333333334
2020-01-11,4.193229166666667
2020-01-12,3.65078125
2020-01-13,4.29609375
2020-01-14,5.117447916666666
2020-01-15,5.006770833333333
2020-01-16,5.521614583333334
2020-01-17,5.5023437500000005
2020-01-18,3.9846354166666664
2020-01-19,3.22890625
2020-01-20,5.108333333333333
2020-01-21,5.205989583333333
2020-01-22,5.3179687499999995
2020-01-23,4.7632812499999995
2020-01-24,5.302864583333333
2020-01-25,3.5872395833333335
2020-01-26,3.245052083333333
2020-01-27,5.448697916666667
2020-01-28,5.065625
2020-01-29,4.044791666666667
2020-01-30,4.348958333333333
2020-01-31,4.2078125
2020-02-01,3.3635416666666664
2020-02-02,3.45703125
2020-02-03,4.488020833333334
2020-02-04,4.54296875
2020-02-05,4.710677083333334
2020-02-06,5.196614583333333
2020-02-07,4.758854166666667
2020-02-08,3.1588541666666665
2020-02-09,3.4250000000000003
2020-02-10,5.88984375
2020-02-11,5.72265625
2020-02-12,5.313541666666667
2020-02-13,4.9710937500000005
2020-02-14,4.542708333333334
2020-02-15,2.9921875
2020-02-16,2.8138020833333335
2020-02-17,4.1000000000000005
2020-02-18,3.7682291666666665
2020-02-19,3.6997395833333333
2020-02-20,3.9427083333333335
2020-02-21,3.678125
2020-02-22,2.9802083333333336
2020-02-23,3.3747395833333336
2020-02-24,4.155989583333334
2020-02-25,4.638541666666667
2020-02-26,5.29765625
2020-02-27,5.4085937500000005
2020-02-28,5.1312500000000005
2020-02-29,3.10390625
2020-03-01,3.6614583333333335
2020-03-02,4.281510416666666
2020-03-03,4.641927083333333
2020-03-04,4.8328125
2020-03-05,5.414322916666666
2020-03-06,5.8203125
2020-03-07,3.7515625
2020-03-08,3.0708333333333333
2020-03-09,4.920572916666667
2020-03-10,5.030989583333334
2020-03-11,3.4515625
2020-03-12,3.4484375000000003
2020-03-13,3.560677083333333
2020-03-14,2.73203125
2020-03-15,2.34765625
2020-03-16,2.5226562500000003
2020-03-17,2.603385416666667
2020-03-18,2.3528645833333335
2020-03-19,2.353385416666667
2020-03-20,2.383072916666667
2020-03-21,2.216927083333333
2020-03-22,2.3997395833333335
2020-03-23,2.87734375
2020-03-24,2.959375
2020-03-25,3.0932291666666667
2020-03-26,3.5315104166666664
2020-03-27,3.7690104166666667
2020-03-28,3.177604166666667
2020-03-29,3.013802083333333
2020-03-30,3.90390625
2020-03-31,3.5953125
2020-04-01,3.4234375
2020-04-02,3.6653645833333335
2020-04-03,3.426822916666667
2020-04-04,2.4739583333333335
2020-04-05,2.2505208333333333
2020-04-06,2.947135416666667
2020-04-07,2.8989583333333333
2020-04-08,2.9466145833333335
2020-04-09,3.0046874999999997
2020-04-10,2.548697916666667
2020-04-11,2.3346354166666665
2020-04-12,2.3177083333333335
2020-04-13,2.386458333333333
2020-04-14,2.8265625
2020-04-15,2.844791666666667
2020-04-16,2.5768229166666665
2020-04-17,2.693489583333333
2020-04-18,2.1026041666666666
2020-04-19,2.05703125
2020-04-20,2.774479166666667
2020-04-21,2.819270833333333
2020-04-22,2.377083333333333
2020-04-23,2.1255208333333333
2020-04-24,2.070572916666667
2020-04-25,1.9127604166666667
2020-04-26,1.9697916666666666
2020-04-27,1.9278645833333332
2020-04-28,2.3619791666666665
2020-04-29,2.7697916666666664
2020-04-30,2.593489583333333
2020-05-01,1.9260416666666667
2020-05-02,2.08359375
2020-05-03,2.2796875
2020-05-04,2.9028645833333333
2020-05-05,2.9234375
2020-05-06,3.5296875
2020-05-07,4.51640625
2020-05-08,3.771354166666667
2020-05-09,1.9828124999999999
2020-05-10,1.9682291666666665
2020-05-11,4.808333333333334
2020-05-12,4.87890625
2020-05-13,4.620833333333334
2020-05-14,3.939583333333333
2020-05-15,3.475
2020-05-16,3.61953125
2020-05-17,3.0658854166666667
2020-05-18,3.134375
2020-05-19,3.99609375
2020-05-20,3.193229166666667
2020-05-21,3.4221354166666664
2020-05-22,3.5109375000000003
2020-05-23,2.2216145833333334
2020-05-24,2.236458333333333
2020-05-25,3.7200520833333335
2020-05-26,3.782291666666667
2020-05-27,3.8294270833333335
2020-05-28,4.069791666666666
